{
    "metadata":{
        "uvs":0,
        "generator":"io_three",
        "normals":23,
        "faces":24,
        "vertices":33,
        "version":3,
        "type":"Geometry"
    },
    "faces":[32,31,1,2,0,0,0,32,20,31,2,0,0,0,32,26,20,2,0,0,0,32,1,26,2,0,0,0,32,30,19,5,1,2,3,32,19,21,5,2,4,3,32,21,24,5,4,5,3,32,24,30,5,5,1,3,32,15,0,8,6,7,8,32,0,23,8,7,9,8,32,23,16,8,9,10,8,32,16,15,8,10,6,8,32,27,14,10,11,12,13,32,14,17,10,12,14,13,32,17,28,10,14,15,13,32,28,27,10,15,11,13,32,18,25,12,16,16,16,32,7,6,32,17,18,19,32,6,11,32,18,20,19,32,11,9,32,20,21,19,32,3,4,13,22,22,22,32,4,29,13,22,22,22,32,29,22,13,22,22,22,32,22,3,13,22,22,22],
    "vertices":[0.680388,1.34485,-0.079618,-0.673045,1.34485,-0.079618,0.003672,1.34485,-0.41577,0.680388,1.34485,-0.751919,-0.673045,1.34485,-0.751919,0.525652,2.07227,-0.41577,0.370475,2.7997,-0.751919,0.370475,2.8052,-0.376588,0.003672,2.07227,-0.228103,-0.363132,2.79924,-0.376588,-0.51809,2.07227,-0.41577,-0.363132,2.79374,-0.751919,0.003672,2.7997,-0.41577,0.003672,2.07227,-0.751919,-0.673045,1.34485,-0.079618,-0.673045,1.34485,-0.079618,-0.363132,2.79924,-0.376588,-0.363132,2.79924,-0.376588,-0.363132,2.79924,-0.376588,0.680388,1.34485,-0.751919,0.680388,1.34485,-0.751919,0.370475,2.7997,-0.751919,0.370475,2.7997,-0.751919,0.370475,2.8052,-0.376588,0.370475,2.8052,-0.376588,0.370475,2.8052,-0.376588,-0.673045,1.34485,-0.751919,-0.673045,1.34485,-0.751919,-0.363132,2.79374,-0.751919,-0.363132,2.79374,-0.751919,0.680388,1.34485,-0.079618,0.680388,1.34485,-0.079618,0.003672,2.7997,-0.41577],
    "uvs":[],
    "normals":[0,-1,0,0.978118,0.207923,-0.000305,0.978088,0.208136,-0.000153,0.978179,0.207739,-0.001251,0.97821,0.207556,-0.00238,0.978271,0.207251,-0.002869,-3.1e-05,0.200018,0.979766,-0.000397,0.199622,0.979858,-0.00058,0.199622,0.979858,-0.001404,0.199225,0.979949,-0.001038,0.199591,0.979858,-0.977996,0.208563,-0.000488,-0.978027,0.20835,3.1e-05,-0.977966,0.208686,-0.000793,-0.977996,0.208594,-0.002564,-0.977935,0.208747,-0.002716,-0.008087,0.997894,-0.064119,-0.013398,0.999786,-0.014618,-0.010895,0.999847,-0.011902,-0.008118,0.999878,-0.01178,-0.00531,0.999908,-0.011902,-0.002808,0.999878,-0.014649,0,0,-1]
}