{
    "metadata":{
        "uvs":1,
        "generator":"io_three",
        "normals":1,
        "faces":1,
        "vertices":4,
        "version":3,
        "type":"Geometry"
    },
    "faces":[41,0,1,2,3,0,1,2,3,0,0,0,0],
    "vertices":[0.982189,0.012777,1.40817,0.982189,0.012776,-1.34935,-0.97871,0.012776,-1.34935,-0.97871,0.012777,1.40817],
    "uvs":[[0,0,1,0,0.999999,1,0,1]],
    "normals":[0,1,-0]
}